file,n,nnz_max,time_serial,time_vectorized,speedup_time,cycles_serial,cycles_vector,speedup_cycles,pass,L1-loads,L1-misses,LLC-loads,LLC-misses
2000.system,2000,4,0.000031,0.000028,1.11,63637.00,57205.00,1.11,PASS,11050705,77685,1818126,38474
8000.system,8000,4,0.000134,0.000120,1.11,268648.00,240947.00,1.11,PASS,40866231,386790,9090627,442693
32k.system,32000,4,0.000674,0.000667,1.01,1348669.00,1334387.00,1.01,PASS,162778655,2744408,35875055,12144534
128k.system,128000,4,0.003183,0.003122,1.02,6368412.00,6244706.00,1.02,PASS,652168111,12233683,137795401,62335676
