file,n,nnz_max,time_serial,time_vectorized,speedup_time,cycles_serial,cycles_vector,speedup_cycles,pass,L1-loads,L1-misses,LLC-loads,LLC-misses,L2-loads,L2-misses
2000.system,2000,4,0.000032,0.000029,1.103450,63101,58630,1.076260,PASS,7196837,57026,823355,30479,1127532,31532
8000.system,8000,4,0.000136,0.000120,1.133330,271760,239034,1.136910,PASS,25337443,221421,4434819,66198,4420630,66083
32k.system,32000,4,0.000664,0.000639,1.039120,1327037,1276947,1.039230,PASS,100533986,1936418,17744372,6324214,17765902,6046799
128k.system,128000,4,0.003222,0.003219,1.000930,6439881,6434572,1.000830,PASS,401806727,10058634,74998081,31467881,71392914,31456199
