file,n,nnz_max,time_serial,time_vectorized,speedup_time,cycles_serial,cycles_vector,speedup_cycles,pass,L1-loads,L1-misses,LLC-loads,LLC-misses
2000.system,2000,4,0.000031,0.000030,1.05,63501.00,60154.00,1.06,PASS,11005248,99747,1936969,36972
8000.system,8000,4,0.000132,0.000122,1.09,265591.00,244181.00,1.09,PASS,40901232,481915,9165539,222117
32k.system,32000,4,0.000683,0.000685,1.00,1368073.00,1370807.00,1.00,PASS,163092835,2812158,36029201,12498380
128k.system,128000,4,0.003201,0.003179,1.01,6403757.00,6358056.00,1.01,PASS,652337308,12940736,140604819,62429392
